Month,Average hours of light
January,10.645161290322578
February,11.60714285714286
March,12.870967741935484
April,14.259999999999998
May,15.496774193548386
June,16.15333333333333
July,15.825806451612904
August,14.72903225806452
September,13.376666666666665
October,12.035483870967742
November,12.035483870967742
December,10.341935483870971
